{
  "AppRegistrations": {
    "UserGroupApp": {
      "TenantId": "your-tenant-id-here",
      "ClientId": "your-usergroupapp-client-id-here",
      "EncryptedCredentialPath": "C:\\Scripts\\Config\\AppCred_UserGroup.xml",
      "Description": "App with User.Read.All and Group.Read.All permissions"
    },
    "DirectoryApp": {
      "TenantId": "your-tenant-id-here",
      "ClientId": "your-directoryapp-client-id-here",
      "EncryptedCredentialPath": "C:\\Scripts\\Config\\AppCred_Directory.xml",
      "Description": "App with Directory.Read.All permissions"
    }
  },
  "Groups": [
    "VDI Users - Production",
    "Windows 365 Enterprise Users",
    "Cloud PC Test Group"
  ],
  "OutputSettings": {
    "OutputDirectory": "C:\\Reports\\LicenseReports",
    "FileNamePrefix": "W365_License_Report"
  },
  "LicenseFilter": {
    "SkuPrefixes": ["CPC_E_"],
    "FilterEnabled": true
  }
}